-- ============================================================
-- Seed data — тестовые данные для проверки GraphQL
-- ============================================================

-- Accounts
INSERT INTO account (id, evm_address, active, free_balance, timestamp) VALUES
  ('5GNJqTPyNqANBkUVMN1LPPrxXnFouWA2MRQg3gKrUYgw6HEr', '0x0000000000000000000000000000000000000001', TRUE, 1000000000000000000000, NOW()),
  ('5HGjWAeFDfFCWPsjFQdVV2Msvz2XtMktvgocEZcCj68kUMaw', '0x0000000000000000000000000000000000000002', TRUE, 500000000000000000000, NOW()),
  ('5DAAnrj7VHTznn2AWBemMuyBwZWs6FNFjdyVXUeYum3PTXFy', '0x0000000000000000000000000000000000000003', TRUE, 250000000000000000000, NOW());

-- Verified contracts (tokens)
INSERT INTO verified_contract (id, name, type, contract_data, timestamp) VALUES
  ('0x0000000000000000000000000000000001000000', 'REEF', 'ERC20', '{"name":"REEF","symbol":"REEF","decimals":18}', NOW()),
  ('0x0000000000000000000000000000000002000000', 'USDC', 'ERC20', '{"name":"USDC","symbol":"USDC","decimals":6,"icon":"https://cryptologos.cc/logos/usd-coin-usdc-logo.png"}', NOW());

-- Transfers
INSERT INTO transfer (id, block_height, block_hash, from_id, to_id, token_id, from_evm_address, to_evm_address, type, amount, success, timestamp) VALUES
  ('0001000000-abcde-000', 1000000, '0xabc123', '5GNJqTPyNqANBkUVMN1LPPrxXnFouWA2MRQg3gKrUYgw6HEr', '5HGjWAeFDfFCWPsjFQdVV2Msvz2XtMktvgocEZcCj68kUMaw', '0x0000000000000000000000000000000001000000', '0x0000000000000000000000000000000000000001', '0x0000000000000000000000000000000000000002', 'Native', 100000000000000000000, TRUE, '2025-01-15 10:00:00+00'),
  ('0001000001-abcdf-000', 1000001, '0xabc124', '5HGjWAeFDfFCWPsjFQdVV2Msvz2XtMktvgocEZcCj68kUMaw', '5GNJqTPyNqANBkUVMN1LPPrxXnFouWA2MRQg3gKrUYgw6HEr', '0x0000000000000000000000000000000001000000', '0x0000000000000000000000000000000000000002', '0x0000000000000000000000000000000000000001', 'Native', 50000000000000000000, TRUE, '2025-01-15 10:05:00+00'),
  ('0001000002-abcdg-000', 1000002, '0xabc125', '5GNJqTPyNqANBkUVMN1LPPrxXnFouWA2MRQg3gKrUYgw6HEr', '5DAAnrj7VHTznn2AWBemMuyBwZWs6FNFjdyVXUeYum3PTXFy', '0x0000000000000000000000000000000002000000', '0x0000000000000000000000000000000000000001', '0x0000000000000000000000000000000000000003', 'ERC20', 1000000, TRUE, '2025-01-15 10:10:00+00'),
  ('0001000003-abcdh-000', 1000003, '0xabc126', '5DAAnrj7VHTznn2AWBemMuyBwZWs6FNFjdyVXUeYum3PTXFy', '5GNJqTPyNqANBkUVMN1LPPrxXnFouWA2MRQg3gKrUYgw6HEr', '0x0000000000000000000000000000000001000000', '0x0000000000000000000000000000000000000003', '0x0000000000000000000000000000000000000001', 'Native', 200000000000000000000, TRUE, '2025-01-15 10:15:00+00'),
  ('0001000004-abcdi-000', 1000004, '0xabc127', '5GNJqTPyNqANBkUVMN1LPPrxXnFouWA2MRQg3gKrUYgw6HEr', '5HGjWAeFDfFCWPsjFQdVV2Msvz2XtMktvgocEZcCj68kUMaw', '0x0000000000000000000000000000000001000000', '0x0000000000000000000000000000000000000001', '0x0000000000000000000000000000000000000002', 'Native', 75000000000000000000, TRUE, '2025-01-15 10:20:00+00');

-- Token holders
INSERT INTO token_holder (id, token_id, signer_id, type, balance, timestamp) VALUES
  ('0x0000000000000000000000000000000001000000-5GNJqTPyNqANBkUVMN1LPPrxXnFouWA2MRQg3gKrUYgw6HEr-0', '0x0000000000000000000000000000000001000000', '5GNJqTPyNqANBkUVMN1LPPrxXnFouWA2MRQg3gKrUYgw6HEr', 'Account', 825000000000000000000, NOW()),
  ('0x0000000000000000000000000000000001000000-5HGjWAeFDfFCWPsjFQdVV2Msvz2XtMktvgocEZcCj68kUMaw-0', '0x0000000000000000000000000000000001000000', '5HGjWAeFDfFCWPsjFQdVV2Msvz2XtMktvgocEZcCj68kUMaw', 'Account', 625000000000000000000, NOW()),
  ('0x0000000000000000000000000000000002000000-5DAAnrj7VHTznn2AWBemMuyBwZWs6FNFjdyVXUeYum3PTXFy-0', '0x0000000000000000000000000000000002000000', '5DAAnrj7VHTznn2AWBemMuyBwZWs6FNFjdyVXUeYum3PTXFy', 'Account', 1000000, NOW());
